id,f_name,l_name,email,skintype_id,primary_concern_id,password
1,Lyell,Ziehm,lziehm0@github.io,4,8,Ncd2mdCv
2,Lonny,Creak,lcreak1@gizmodo.com,2,1,UYoIBoBKhcO
3,Shani,Colombier,scolombier2@illinois.edu,4,5,OkGkwP
4,Tilda,Woodgate,twoodgate3@nytimes.com,3,3,DPYpi2ZTom
5,Verna,Blabie,vblabie4@homestead.com,4,9,QgwbgFt
6,John,Hurworth,jhurworth5@java.com,1,6,hsNbz5x
7,Phillida,Kemwal,pkemwal6@free.fr,2,2,DrllKTH392t
8,Gates,Cogswell,gcogswell7@amazon.co.jp,5,3,tGQAMT3Z
9,Pierre,Spurden,pspurden8@telegraph.co.uk,4,6,EpHqkYVj8yT7
10,Rebecka,Toupe,rtoupe9@networksolutions.com,5,2,OdRgq2uQ
11,Yuma,Doyland,ydoylanda@moonfruit.com,2,7,0uZSN1JqN
12,Robbert,Bartosek,rbartosekb@who.int,1,3,PEeci15tlopn
13,Lyndsey,Ickovicz,lickoviczc@cdc.gov,5,8,HT1WEUrN
14,Myrtia,Birchill,mbirchilld@netscape.com,3,7,pBYjUnONprTZ
15,Aurlie,Bloxsom,abloxsome@pen.io,4,6,0jmbqPU
16,Verena,Cowdroy,vcowdroyf@indiatimes.com,4,9,AZdKxEcKz
17,Sarita,Corro,scorrog@etsy.com,3,2,g2ddeMJl5
18,Tabor,Buffery,tbufferyh@ucsd.edu,5,7,dAl7Y203y
19,Dalenna,Jantzen,djantzeni@latimes.com,1,2,9uJDysZX
20,Christoforo,Blaes,cblaesj@e-recht24.de,1,3,D6CrOYo
21,Elsy,Anger,eangerk@bloglines.com,5,6,35Dq22
22,Linc,Houseman,lhousemanl@va.gov,2,3,dS0ivtg
23,Charmain,Lesor,clesorm@wix.com,3,7,rIW2UTcfO49T
24,Rosalia,Carder,rcardern@moonfruit.com,4,5,zqsnhT
25,Norine,Darko,ndarkoo@woothemes.com,2,9,HQTLJtD
26,Cammi,Greger,cgregerp@accuweather.com,5,9,YvWFKeX9
27,Myrlene,Gibke,mgibkeq@theguardian.com,5,5,C0deSdTL0R
28,Heath,Blakeston,hblakestonr@sohu.com,5,2,w7CF5qaYkSNS
29,Conrade,Gemelli,cgemellis@wiley.com,1,9,BPNhzVWwjmLB
30,Natale,Gadsden,ngadsdent@salon.com,4,1,LlA7WFMcbdY
31,Jorry,Tinmouth,jtinmouthu@4shared.com,5,9,z3KBTPX6m
32,Cecilia,Moult,cmoultv@mashable.com,3,8,l0eoq2AnZIvr
33,Lyndsey,Cadore,lcadorew@buzzfeed.com,5,4,Ey9Gh1
34,Cindelyn,Ragot,cragotx@ifeng.com,3,7,pmyW3W4i
35,Leoine,Stollenbecker,lstollenbeckery@shutterfly.com,3,8,gOY9DbEqoM
36,Anett,Dockray,adockrayz@github.com,4,1,tmtUHnbG
37,Milty,Rimmer,mrimmer10@123-reg.co.uk,5,2,QAe080PZ
38,Tamarah,Van Oort,tvanoort11@sciencedirect.com,3,6,33CHgJ1kcB
39,Idell,Spens,ispens12@earthlink.net,2,5,wd1dEZhT
40,Christy,Gateland,cgateland13@ox.ac.uk,2,3,lS5tnz9ng
41,Cloe,Clift,cclift14@networksolutions.com,4,5,Uvv1h2eK
42,Bourke,Irvine,birvine15@hp.com,3,1,9zWAkwtEdgc
43,Cathy,Stevenson,cstevenson16@nasa.gov,3,6,PRY8oBHCY
44,David,Coslitt,dcoslitt17@qq.com,3,7,HBXyvaR
45,Devonna,Edwicke,dedwicke18@aol.com,2,8,VZfsJMdbef
46,Maurizia,Zarfai,mzarfai19@psu.edu,3,5,wbZzjSOgwtGU
47,Jamie,Atlay,jatlay1a@stanford.edu,3,8,My0nx1gqCx
48,Ethe,Laverock,elaverock1b@alexa.com,2,2,4cMNMbAoNj18
49,Stern,Duffitt,sduffitt1c@weibo.com,5,6,uS9R9gdqlI3
50,Rachael,Tonkinson,rtonkinson1d@shutterfly.com,3,2,okuIzPNNu
51,Petrina,Fantini,pfantini1e@yellowpages.com,5,9,UEWySh
52,Doreen,Lorans,dlorans1f@abc.net.au,1,5,kBj3jvDL
53,Hendrick,Jeremaes,hjeremaes1g@canalblog.com,2,2,PufjUZyUUrYP
54,Jenda,Duffil,jduffil1h@pagesperso-orange.fr,5,7,o9TLcBeo2R
55,Ashly,Geipel,ageipel1i@barnesandnoble.com,1,5,cBLHGIZC
56,Timmie,Gerg,tgerg1j@51.la,4,3,gcRb45KU4
57,Cody,Kopman,ckopman1k@mail.ru,1,4,VSmq3Fn2
58,Lutero,Koppelmann,lkoppelmann1l@noaa.gov,5,2,hfG7WJB
59,Odille,Broschek,obroschek1m@vinaora.com,4,3,qz9YsbnSJVLK
60,Fanya,Espinas,fespinas1n@pagesperso-orange.fr,5,8,RfgFvpE
61,Doti,O'Hartnett,dohartnett1o@dailymail.co.uk,3,7,CbJOvGq7
62,Ernestine,Jonin,ejonin1p@abc.net.au,5,1,y1ilGp3D
63,Tove,Crittal,tcrittal1q@businessweek.com,5,1,kWnpR3KmC
64,Ivar,Andrusyak,iandrusyak1r@dedecms.com,4,5,P8pFaz
65,Skipper,Cuthbertson,scuthbertson1s@illinois.edu,2,3,S463qCaegFjf
66,Ina,Gillaspy,igillaspy1t@mapquest.com,3,3,XtBozDsXJx
67,Marin,Wardingley,mwardingley1u@cnbc.com,5,3,Z6nPwgl
68,Emily,covino,ecovino1v@live.com,1,1,xMYKjK
69,Vladimir,Blackster,vblackster1w@bloglines.com,2,5,iZyI9hUUAv
70,Gallard,Spykins,gspykins1x@redcross.org,4,4,hgie9bcXD
71,Cyrus,Loveman,cloveman1y@archive.org,4,8,SGGAcQB4tw
72,Jasmin,Flintiff,jflintiff1z@cafepress.com,5,4,fbKZbAA4rbjU
73,Ginny,Glading,gglading20@webs.com,3,9,k9MK2I9cI
74,Cristi,Prott,cprott21@ycombinator.com,5,1,o9kmvF1Lt
75,Yorgos,Gealle,ygealle22@washington.edu,4,4,yMsNWAb4ljc
76,Ximenez,Basindale,xbasindale23@twitter.com,2,7,jV81EW0yc51
77,Weber,Riditch,wriditch24@china.com.cn,3,4,xOL5rjnV
78,Lilian,Loughead,lloughead25@google.ru,4,3,opPi7k
79,Shep,Ohrtmann,sohrtmann26@rambler.ru,1,2,uO3ZeszAeod
80,Brett,Schutt,bschutt27@goo.ne.jp,4,1,dr8L0fhFI
81,Jacquelyn,Dimmock,jdimmock28@w3.org,2,1,aLT8sIM
82,Rufe,Grinin,rgrinin29@abc.net.au,1,5,zN9bYm14P
83,Ruperto,Baumler,rbaumler2a@cdbaby.com,4,6,wpxq7YbhY
84,Bancroft,Sprowle,bsprowle2b@dedecms.com,2,6,PwoyKTU65z
85,Hillier,Faunt,hfaunt2c@springer.com,4,8,HphasqrEqjy8
86,Ethe,Gorden,egorden2d@patch.com,5,2,tqxzjkF
87,Gallard,Jendrach,gjendrach2e@state.gov,2,3,OuxsxmaXA
88,Lewie,Oldred,loldred2f@over-blog.com,1,7,HQiW6IzZGZ
89,Nickola,Divis,ndivis2g@nbcnews.com,1,7,PLdPiLVWQhV
90,Thibaut,De Courtney,tdecourtney2h@1688.com,4,1,C0AKZ7exM
91,Griffy,Trueman,gtrueman2i@nyu.edu,2,6,OtluhPn
92,Maggee,Onraet,monraet2j@earthlink.net,3,1,G5domGo2H
93,Flint,Ragot,fragot2k@go.com,1,3,i5IH28a
94,Renae,Flude,rflude2l@prweb.com,2,3,v2Nw3A222
95,Tedman,Vannoort,tvannoort2m@typepad.com,1,2,Ki76c4girFx3
96,Cosmo,Glavias,cglavias2n@addthis.com,3,3,JYbXz8w
97,Hamlin,Ierland,hierland2o@google.cn,3,2,dERlKa2b3gA
98,Rem,Normant,rnormant2p@cbsnews.com,3,9,nEr6ehV8A
99,Riley,Doubrava,rdoubrava2q@instagram.com,1,4,4SJUHTvrtsbM
100,Lettie,Mewburn,lmewburn2r@ustream.tv,4,5,HJTZGOhHIEi